SLIP_SEQ_ID,CREATION_DATE,SITE_ID,START_DATE,END_DATE,DURATION,ITEM_COUNT,AMOUNT_RP,LINE_COUNT,OPERATION_TYPE
4613590112,2025-01-08 01:00:00,195,2025-01-08 18:47:13,2025-01-08 18:47:55,42,17,482.8,12,I
4613457236,2025-01-08 01:00:00,195,2025-01-08 19:04:49,2025-01-08 19:06:15,166,32,1917.6,29,I
4613498079,2025-01-08 01:00:00,195,2025-01-08 19:04:40,2025-01-08 19:04:50,10,1,1460.0,1,I
4612792388,2025-01-08 01:00:00,195,2025-01-08 08:41:08,2025-01-08 08:42:12,104,2,67.9,2,U
4613498078,2025-01-08 01:00:00,195,2025-01-08 19:43:24,2025-01-08 19:44:20,96,14,516.4,14,U
4613585528,2025-01-08 01:00:00,195,2025-01-08 22:21:45,2025-01-08 22:22:00,55,2,28.9,2,U
4613498048,2025-01-08 01:00:00,195,2025-01-08 19:46:10,2025-01-08 19:46:37,27,3,51.8,3,U
4612792426,2025-01-08 01:00:00,195,2025-01-08 08:44:06,2025-01-08 08:44:19,13,2,25.0,2,D
4613532344,2025-01-08 01:00:00,195,2025-01-08 20:25:04,2025-01-08 20:27:06,202,13,412.7,11,D
